{
  "epochs": [
    1,
    2,
    3,
    4,
    5,
    6,
    7,
    8,
    9,
    10,
    11,
    12,
    13,
    14,
    15,
    16,
    17,
    18,
    19,
    20,
    21,
    22,
    23,
    24,
    25,
    26,
    27,
    28,
    29,
    30,
    31,
    32,
    33,
    34,
    35,
    36,
    37,
    38,
    39,
    40
  ],
  "train_acc": [
    62.162160873413086,
    74.13127422332764,
    78.76448035240173,
    79.44015264511108,
    80.59845566749573,
    82.04632997512817,
    78.76448035240173,
    81.56370520591736,
    83.7837815284729,
    82.91505575180054,
    82.62548446655273,
    83.88031125068665,
    83.01158547401428,
    84.07335877418518,
    85.13513803482056,
    85.13513803482056,
    84.16988253593445,
    84.74903702735901,
    83.59073400497437,
    85.03860831260681,
    86.48648858070374,
    84.94208455085754,
    86.38995885848999,
    83.97683501243591,
    84.84556078910828,
    83.59073400497437,
    84.26640629768372,
    84.16988253593445,
    87.3552143573761,
    88.32046389579773,
    90.05791544914246,
    89.09266591072083,
    89.18918967247009,
    89.18918967247009,
    88.22394013404846,
    87.6447856426239,
    88.80308866500854,
    88.12741041183472,
    89.28571343421936,
    88.99613618850708
  ],
  "val_acc": [
    68.33977103233337,
    59.45945978164673,
    56.75675868988037,
    54.82625365257263,
    65.25096297264099,
    62.548261880874634,
    63.70656490325928,
    80.694979429245,
    74.90347623825073,
    84.94208455085754,
    80.694979429245,
    90.73359370231628,
    89.96139168739319,
    82.62548446655273,
    88.80308866500854,
    92.277991771698,
    88.416987657547,
    89.96139168739319,
    91.5057897567749,
    90.73359370231628,
    90.34749269485474,
    93.43629479408264,
    90.73359370231628,
    93.0501937866211,
    88.416987657547,
    91.89189076423645,
    84.16988253593445,
    93.82239580154419,
    92.277991771698,
    93.0501937866211,
    94.59459185600281,
    93.43629479408264,
    92.277991771698,
    94.59459185600281,
    93.82239580154419,
    94.20849680900574,
    94.98069286346436,
    94.20849680900574,
    95.75289487838745,
    92.66409277915955
  ],
  "train_loss": [
    1.2849394083023071,
    1.0133916139602661,
    0.759269654750824,
    0.6834717988967896,
    0.67120361328125,
    0.6260246634483337,
    0.807507336139679,
    0.6763001680374146,
    0.6018684506416321,
    0.5969496369361877,
    0.651888906955719,
    0.5608161091804504,
    0.6504359841346741,
    0.6177229881286621,
    0.6229403018951416,
    0.5087344646453857,
    0.5465187430381775,
    0.5597537755966187,
    0.5825181007385254,
    0.5616830587387085,
    0.5071930289268494,
    0.5746220946311951,
    0.4973105788230896,
    0.5662593245506287,
    0.5998843312263489,
    0.5872374176979065,
    0.5298649072647095,
    0.491573691368103,
    0.37380149960517883,
    0.3341485261917114,
    0.2934282422065735,
    0.32460325956344604,
    0.3053399622440338,
    0.31923431158065796,
    0.35200396180152893,
    0.34919390082359314,
    0.3263014853000641,
    0.3370562493801117,
    0.31791648268699646,
    0.3251522481441498
  ],
  "val_loss": [
    0.8363288044929504,
    1.0078812837600708,
    1.1728029251098633,
    1.302674651145935,
    0.8790845274925232,
    0.9189106225967407,
    0.9759860038757324,
    0.5448204874992371,
    0.6891838908195496,
    0.41922977566719055,
    0.5026790499687195,
    0.37876778841018677,
    0.31719905138015747,
    0.4712660312652588,
    0.33583953976631165,
    0.3048296570777893,
    0.3511597514152527,
    0.3665795922279358,
    0.3133530616760254,
    0.3414125144481659,
    0.29966533184051514,
    0.2598891258239746,
    0.2907272279262543,
    0.2801801264286041,
    0.38526734709739685,
    0.3435565233230591,
    0.5467578768730164,
    0.28819510340690613,
    0.2576077878475189,
    0.24024485051631927,
    0.22050230205059052,
    0.26159054040908813,
    0.2825630307197571,
    0.2324245721101761,
    0.2539093792438507,
    0.22775307297706604,
    0.24215756356716156,
    0.23075179755687714,
    0.2410302758216858,
    0.2585738003253937
  ],
  "chart_unfrozen_accuracy": [
    0.8426640629768372,
    0.8416988253593445,
    0.873552143573761,
    0.8832046389579773,
    0.9005791544914246,
    0.8909266591072083,
    0.8918918967247009,
    0.8918918967247009,
    0.8822394013404846,
    0.876447856426239,
    0.8880308866500854,
    0.8812741041183472,
    0.8928571343421936,
    0.8899613618850708
  ],
  "chart_unfrozen_val_accuracy": [
    0.8416988253593445,
    0.9382239580154419,
    0.92277991771698,
    0.9305019378662109,
    0.9459459185600281,
    0.9343629479408264,
    0.92277991771698,
    0.9459459185600281,
    0.9382239580154419,
    0.9420849680900574,
    0.9498069286346436,
    0.9420849680900574,
    0.9575289487838745,
    0.9266409277915955
  ],
  "chart_unfrozen_loss": [
    0.5298649072647095,
    0.491573691368103,
    0.37380149960517883,
    0.3341485261917114,
    0.2934282422065735,
    0.32460325956344604,
    0.3053399622440338,
    0.31923431158065796,
    0.35200396180152893,
    0.34919390082359314,
    0.3263014853000641,
    0.3370562493801117,
    0.31791648268699646,
    0.3251522481441498
  ],
  "chart_unfrozen_val_loss": [
    0.5467578768730164,
    0.28819510340690613,
    0.2576077878475189,
    0.24024485051631927,
    0.22050230205059052,
    0.26159054040908813,
    0.2825630307197571,
    0.2324245721101761,
    0.2539093792438507,
    0.22775307297706604,
    0.24215756356716156,
    0.23075179755687714,
    0.2410302758216858,
    0.2585738003253937
  ],
  "chart_frozen_accuracy": [
    0.6216216087341309,
    0.7413127422332764,
    0.7876448035240173,
    0.7944015264511108,
    0.8059845566749573,
    0.8204632997512817,
    0.7876448035240173,
    0.8156370520591736,
    0.837837815284729,
    0.8291505575180054,
    0.8262548446655273,
    0.8388031125068665,
    0.8301158547401428,
    0.8407335877418518,
    0.8513513803482056,
    0.8513513803482056,
    0.8416988253593445,
    0.8474903702735901,
    0.8359073400497437,
    0.8503860831260681,
    0.8648648858070374,
    0.8494208455085754,
    0.8638995885848999,
    0.8397683501243591,
    0.8484556078910828,
    0.8359073400497437
  ],
  "chart_frozen_val_accuracy": [
    0.6833977103233337,
    0.5945945978164673,
    0.5675675868988037,
    0.5482625365257263,
    0.6525096297264099,
    0.6254826188087463,
    0.6370656490325928,
    0.80694979429245,
    0.7490347623825073,
    0.8494208455085754,
    0.80694979429245,
    0.9073359370231628,
    0.8996139168739319,
    0.8262548446655273,
    0.8880308866500854,
    0.92277991771698,
    0.88416987657547,
    0.8996139168739319,
    0.915057897567749,
    0.9073359370231628,
    0.9034749269485474,
    0.9343629479408264,
    0.9073359370231628,
    0.9305019378662109,
    0.88416987657547,
    0.9189189076423645
  ],
  "chart_frozen_loss": [
    1.2849394083023071,
    1.0133916139602661,
    0.759269654750824,
    0.6834717988967896,
    0.67120361328125,
    0.6260246634483337,
    0.807507336139679,
    0.6763001680374146,
    0.6018684506416321,
    0.5969496369361877,
    0.651888906955719,
    0.5608161091804504,
    0.6504359841346741,
    0.6177229881286621,
    0.6229403018951416,
    0.5087344646453857,
    0.5465187430381775,
    0.5597537755966187,
    0.5825181007385254,
    0.5616830587387085,
    0.5071930289268494,
    0.5746220946311951,
    0.4973105788230896,
    0.5662593245506287,
    0.5998843312263489,
    0.5872374176979065
  ],