{
  "epochs": [
    1,
    2,
    3,
    4,
    5,
    6,
    7,
    8,
    9,
    10,
    11,
    12,
    13,
    14,
    15,
    16,
    17,
    18,
    19,
    20,
    21,
    22,
    23,
    24,
    25,
    26,
    27,
    28,
    29,
    30,
    31,
    32,
    33,
    34,
    35,
    36,
    37,
    38,
    39,
    40
  ],
  "train_acc": [
    57.18270540237427,
    75.17433762550354,
    83.96095037460327,
    85.07670760154724,
    87.02929019927979,
    87.4476969242096,
    89.53974843025208,
    88.28451633453369,
    85.49512028694153,
    88.00557851791382,
    89.81868624687195,
    86.88982129096985,
    87.72664070129395,
    87.72664070129395,
    89.40027952194214,
    88.70292901992798,
    89.40027952194214,
    89.53974843025208,
    90.9344494342804,
    91.77126884460449,
    91.3528561592102,
    90.9344494342804,
    91.3528561592102,
    91.07391834259033,
    90.51603674888611,
    90.23709893226624,
    87.86610960960388,
    90.0976300239563,
    90.51603674888611,
    91.49233102798462,
    93.30543875694275,
    93.72385144233704,
    93.72385144233704,
    92.60808825492859,
    93.02650094032288,
    92.46861934661865,
    94.14225816726685,
    94.28172707557678,
    94.4212019443512,
    93.44490766525269
  ],
  "val_acc": [
    56.98323845863342,
    43.01675856113434,
    41.34078323841095,
    45.25139629840851,
    56.98323845863342,
    55.86591958999634,
    78.21229100227356,
    69.27374005317688,
    72.06704020500183,
    77.65362858772278,
    72.06704020500183,
    86.03351712226868,
    75.97765326499939,
    86.59217953681946,
    72.06704020500183,
    78.77094745635986,
    88.82681727409363,
    83.2402229309082,
    91.0614550113678,
    89.94413614273071,
    92.17877388000488,
    91.6201114654541,
    88.26815485954285,
    93.29608678817749,
    93.29608678817749,
    94.97206807136536,
    94.41340565681458,
    95.53072452545166,
    94.97206807136536,
    94.41340565681458,
    97.20670580863953,
    96.64804339408875,
    96.64804339408875,
    95.53072452545166,
    96.64804339408875,
    96.64804339408875,
    96.08938694000244,
    95.53072452545166,
    96.64804339408875,
    97.20670580863953
  ],
  "train_loss": [
    1.4023423194885254,
    0.8863816261291504,
    0.554977536201477,
    0.4515067934989929,
    0.4311852753162384,
    0.43578335642814636,
    0.3489428460597992,
    0.37339287996292114,
    0.4462665319442749,
    0.46093979477882385,
    0.38220271468162537,
    0.4196455180644989,
    0.47664937376976013,
    0.4009617269039154,
    0.424876868724823,
    0.41218310594558716,
    0.3332745432853699,
    0.3935915529727936,
    0.31306424736976624,
    0.2704678475856781,
    0.3226475417613983,
    0.3061647117137909,
    0.3532376289367676,
    0.3049694001674652,
    0.33738040924072266,
    0.35147321224212646,
    0.2975635230541229,
    0.2906244695186615,
    0.2665514349937439,
    0.25078046321868896,
    0.2088119089603424,
    0.1886274516582489,
    0.20456404983997345,
    0.2069723904132843,
    0.2080133706331253,
    0.21751442551612854,
    0.17471356689929962,
    0.18389183282852173,
    0.1686384379863739,
    0.17843608558177948
  ],
  "val_loss": [
    1.1261299848556519,
    1.0997265577316284,
    1.6499961614608765,
    1.2457797527313232,
    0.7907174229621887,
    0.9348235726356506,
    0.5571022033691406,
    0.7826092839241028,
    0.6198374032974243,
    0.5594906806945801,
    0.6666805744171143,
    0.3899143934249878,
    0.5325150489807129,
    0.4161021411418915,
    0.6107362508773804,
    0.5820209383964539,
    0.3228921592235565,
    0.38681721687316895,
    0.30142074823379517,
    0.25465303659439087,
    0.23698033392429352,
    0.23651176691055298,
    0.2766452431678772,
    0.22912871837615967,
    0.19183796644210815,
    0.16989518702030182,
    0.18264636397361755,
    0.15423405170440674,
    0.15875674784183502,
    0.16576416790485382,
    0.13332748413085938,
    0.14204376935958862,
    0.11790388822555542,
    0.13352809846401215,
    0.11490942537784576,
    0.1219017431139946,
    0.1288435459136963,
    0.11643410474061966,
    0.12763462960720062,
    0.11043053865432739
  ],
  "chart_unfrozen_accuracy": [
    0.8786610960960388,
    0.900976300239563,
    0.9051603674888611,
    0.9149233102798462,
    0.9330543875694275,
    0.9372385144233704,
    0.9372385144233704,
    0.9260808825492859,
    0.9302650094032288,
    0.9246861934661865,
    0.9414225816726685,
    0.9428172707557678,
    0.944212019443512,
    0.9344490766525269
  ],
  "chart_unfrozen_val_accuracy": [
    0.9441340565681458,
    0.9553072452545166,
    0.9497206807136536,
    0.9441340565681458,
    0.9720670580863953,
    0.9664804339408875,
    0.9664804339408875,
    0.9553072452545166,
    0.9664804339408875,
    0.9664804339408875,
    0.9608938694000244,
    0.9553072452545166,
    0.9664804339408875,
    0.9720670580863953
  ],
  "chart_unfrozen_loss": [
    0.2975635230541229,
    0.2906244695186615,
    0.2665514349937439,
    0.25078046321868896,
    0.2088119089603424,
    0.1886274516582489,
    0.20456404983997345,
    0.2069723904132843,
    0.2080133706331253,
    0.21751442551612854,
    0.17471356689929962,
    0.18389183282852173,
    0.1686384379863739,
    0.17843608558177948
  ],
  "chart_unfrozen_val_loss": [
    0.18264636397361755,
    0.15423405170440674,
    0.15875674784183502,
    0.16576416790485382,
    0.13332748413085938,
    0.14204376935958862,
    0.11790388822555542,
    0.13352809846401215,
    0.11490942537784576,
    0.1219017431139946,
    0.1288435459136963,
    0.11643410474061966,
    0.12763462960720062,
    0.11043053865432739
  ],
  "chart_frozen_accuracy": [
    0.5718270540237427,
    0.7517433762550354,
    0.8396095037460327,
    0.8507670760154724,
    0.8702929019927979,
    0.874476969242096,
    0.8953974843025208,
    0.8828451633453369,
    0.8549512028694153,
    0.8800557851791382,
    0.8981868624687195,
    0.8688982129096985,
    0.8772664070129395,
    0.8772664070129395,
    0.8940027952194214,
    0.8870292901992798,
    0.8940027952194214,
    0.8953974843025208,
    0.909344494342804,
    0.9177126884460449,
    0.913528561592102,
    0.909344494342804,
    0.913528561592102,
    0.9107391834259033,
    0.9051603674888611,
    0.9023709893226624
  ],
  "chart_frozen_val_accuracy": [
    0.5698323845863342,
    0.4301675856113434,
    0.4134078323841095,
    0.4525139629840851,
    0.5698323845863342,
    0.5586591958999634,
    0.7821229100227356,
    0.6927374005317688,
    0.7206704020500183,
    0.7765362858772278,
    0.7206704020500183,
    0.8603351712226868,
    0.7597765326499939,
    0.8659217953681946,
    0.7206704020500183,
    0.7877094745635986,
    0.8882681727409363,
    0.832402229309082,
    0.910614550113678,
    0.8994413614273071,
    0.9217877388000488,
    0.916201114654541,
    0.8826815485954285,
    0.9329608678817749,
    0.9329608678817749,
    0.9497206807136536
  ],
  "chart_frozen_loss": [
    1.4023423194885254,
    0.8863816261291504,
    0.554977536201477,
    0.4515067934989929,
    0.4311852753162384,
    0.43578335642814636,
    0.3489428460597992,
    0.37339287996292114,
    0.4462665319442749,
    0.46093979477882385,
    0.38220271468162537,
    0.4196455180644989,
    0.47664937376976013,
    0.4009617269039154,
    0.424876868724823,
    0.41218310594558716,
    0.3332745432853699,
    0.3935915529727936,
    0.31306424736976624,
    0.2704678475856781,
    0.3226475417613983,
    0.3061647117137909,
    0.3532376289367676,
    0.3049694001674652,
    0.33738040924072266,
    0.35147321224212646
  ],