{
  "epochs": [
    1,
    2,
    3,
    4,
    5,
    6,
    7,
    8,
    9,
    10,
    11,
    12,
    13,
    14,
    15,
    16,
    17,
    18,
    19,
    20,
    21,
    22,
    23,
    24,
    25,
    26,
    27,
    28,
    29,
    30,
    31,
    32,
    33,
    34,
    35,
    36,
    37,
    38,
    39,
    40,
    41,
    42,
    43,
    44,
    45,
    46,
    47,
    48,
    49,
    50,
    51,
    52,
    53,
    54,
    55,
    56,
    57,
    58,
    59,
    60
  ],
  "train_acc": [
    72.08994626998901,
    81.08465671539307,
    84.85449552536011,
    84.58994626998901,
    84.85449552536011,
    86.64020895957947,
    85.51587462425232,
    86.17724776268005,
    87.03703880310059,
    87.10317611694336,
    86.3095223903656,
    87.83068656921387,
    87.89682388305664,
    88.49206566810608,
    87.5,
    87.5,
    87.10317611694336,
    87.89682388305664,
    88.35979104042053,
    88.22751045227051,
    88.75661492347717,
    88.22751045227051,
    88.62434029579163,
    89.08730149269104,
    88.6904776096344,
    88.75661492347717,
    89.15343880653381,
    88.82275223731995,
    86.97090148925781,
    87.89682388305664,
    88.29365372657776,
    89.55026268959045,
    88.88888955116272,
    89.682537317276,
    88.75661492347717,
    88.75661492347717,
    89.35185074806213,
    90.27777910232544,
    88.9550268650055,
    87.5,
    88.88888955116272,
    91.1375641822815,
    92.39417910575867,
    91.40211343765259,
    91.7989432811737,
    91.20370149612427,
    92.39417910575867,
    91.99735522270203,
    92.39417910575867,
    91.93121790885925,
    91.7989432811737,
    92.52645373344421,
    93.2539701461792,
    93.65079402923584,
    92.72486567497253,
    93.05555820465088,
    93.65079402923584,
    93.2539701461792,
    93.78306865692139,
    93.71693134307861
  ],
  "val_acc": [
    63.660478591918945,
    63.660478591918945,
    68.96551847457886,
    70.02652287483215,
    77.71883010864258,
    78.77984046936035,
    80.10610342025757,
    89.12466764450073,
    90.45093059539795,
    91.2466824054718,
    89.92042541503906,
    89.92042541503906,
    90.71618318557739,
    91.77718758583069,
    89.65517282485962,
    93.1034505367279,
    89.92042541503906,
    92.04244017601013,
    92.30769276618958,
    91.51193499565125,
    90.1856780052185,
    86.20689511299133,
    86.20689511299133,
    88.06366324424744,
    79.31034564971924,
    88.06366324424744,
    90.98142981529236,
    92.04244017601013,
    89.65517282485962,
    91.77718758583069,
    90.98142981529236,
    84.61538553237915,
    89.65517282485962,
    92.30769276618958,
    89.92042541503906,
    83.02386999130249,
    93.1034505367279,
    88.06366324424744,
    92.83819794654846,
    92.30769276618958,
    90.1856780052185,
    91.2466824054718,
    88.85941505432129,
    92.57294535636902,
    85.41114330291748,
    87.53315806388855,
    89.65517282485962,
    89.12466764450073,
    91.2466824054718,
    91.51193499565125,
    88.85941505432129,
    86.20689511299133,
    87.53315806388855,
    91.51193499565125,
    90.71618318557739,
    93.89920234680176,
    91.77718758583069,
    91.2466824054718,
    87.2679054737091,
    92.30769276618958
  ],
  "train_loss": [
    1.0862246751785278,
    0.7851613163948059,
    0.5894163250923157,
    0.5750986933708191,
    0.5682973861694336,
    0.5389958620071411,
    0.573506772518158,
    0.5502907633781433,
    0.4808211028575897,
    0.4840461015701294,
    0.5295147895812988,
    0.48356184363365173,
    0.4112732410430908,
    0.4889816343784332,
    0.52530437707901,
    0.4770808517932892,
    0.5199732780456543,
    0.4536884129047394,
    0.44952961802482605,
    0.462119460105896,
    0.4206368625164032,
    0.46277615427970886,
    0.45442551374435425,
    0.4059668779373169,
    0.4063388407230377,
    0.38522568345069885,
    0.4304514527320862,
    0.42150288820266724,
    0.5016332864761353,
    0.4581294357776642,
    0.4461098611354828,
    0.3767971396446228,
    0.4103552997112274,
    0.36566150188446045,
    0.411417156457901,
    0.3847920298576355,
    0.39969953894615173,
    0.3610229194164276,
    0.4104423224925995,
    0.4823777973651886,
    0.375369668006897,
    0.32963111996650696,
    0.285527765750885,
    0.3041722774505615,
    0.28616294264793396,
    0.28315499424934387,
    0.24993395805358887,
    0.26807188987731934,
    0.2697075307369232,
    0.25193876028060913,
    0.26068809628486633,
    0.2418285757303238,
    0.2472873330116272,
    0.26892513036727905,
    0.27029937505722046,
    0.2376248836517334,
    0.21661172807216644,
    0.21466726064682007,
    0.23021577298641205,
    0.2053142786026001
  ],
  "val_loss": [
    1.19630765914917,
    1.0049378871917725,
    0.7087149024009705,
    0.6955623626708984,
    0.528989315032959,
    0.48835134506225586,
    0.523601233959198,
    0.3626287579536438,
    0.3291739225387573,
    0.3628705143928528,
    0.34522226452827454,
    0.34002965688705444,
    0.331264466047287,
    0.3051117956638336,
    0.35932424664497375,
    0.2881104648113251,
    0.35492441058158875,
    0.3173697888851166,
    0.3424489498138428,
    0.3173519968986511,
    0.36226707696914673,
    0.5595215559005737,
    0.4746200144290924,
    0.4165942370891571,
    0.7434554100036621,
    0.4219326376914978,
    0.3799445629119873,
    0.3082696795463562,
    0.49344268441200256,
    0.4495483636856079,
    0.42709416151046753,
    0.4793212115764618,
    0.4697444438934326,
    0.3806408941745758,
    0.44984742999076843,
    0.5471470952033997,
    0.30011871457099915,
    0.5133652091026306,
    0.33552801609039307,
    0.3582562804222107,
    0.43894508481025696,
    0.3980168104171753,
    0.4143889248371124,
    0.3044095039367676,
    0.48936745524406433,
    0.4554305672645569,
    0.4293524920940399,
    0.4089571535587311,
    0.36984357237815857,
    0.3946317732334137,
    0.4026232957839966,
    0.505247950553894,
    0.4822523295879364,
    0.39179107546806335,
    0.39582884311676025,
    0.2856518030166626,
    0.30262768268585205,
    0.38148993253707886,
    0.4927482604980469,
    0.34964579343795776
  ],
  "chart_unfrozen_accuracy": [
    0.8888888955116272,
    0.9113756418228149,
    0.9239417910575867,
    0.9140211343765259,
    0.9179894328117371,
    0.9120370149612427,
    0.9239417910575867,
    0.9199735522270203,
    0.9239417910575867,
    0.9193121790885925,
    0.9179894328117371,
    0.9252645373344421,
    0.932539701461792,
    0.9365079402923584,
    0.9272486567497253,
    0.9305555820465088,
    0.9365079402923584,
    0.932539701461792,
    0.9378306865692139,
    0.9371693134307861
  ],
  "chart_unfrozen_val_accuracy": [
    0.9018567800521851,
    0.912466824054718,
    0.8885941505432129,
    0.9257294535636902,
    0.8541114330291748,
    0.8753315806388855,
    0.8965517282485962,
    0.8912466764450073,
    0.912466824054718,
    0.9151193499565125,
    0.8885941505432129,
    0.8620689511299133,
    0.8753315806388855,
    0.9151193499565125,
    0.9071618318557739,
    0.9389920234680176,
    0.9177718758583069,
    0.912466824054718,
    0.8726790547370911,
    0.9230769276618958
  ],
  "chart_unfrozen_loss": [
    0.375369668006897,
    0.32963111996650696,
    0.285527765750885,
    0.3041722774505615,
    0.28616294264793396,
    0.28315499424934387,
    0.24993395805358887,
    0.26807188987731934,
    0.2697075307369232,
    0.25193876028060913,
    0.26068809628486633,
    0.2418285757303238,
    0.2472873330116272,
    0.26892513036727905,
    0.27029937505722046,
    0.2376248836517334,
    0.21661172807216644,
    0.21466726064682007,
    0.23021577298641205,
    0.2053142786026001
  ],