{
  "epochs": [
    1,
    2,
    3,
    4,
    5,
    6,
    7,
    8,
    9,
    10,
    11,
    12,
    13,
    14,
    15,
    16,
    17,
    18,
    19,
    20,
    21,
    22,
    23,
    24,
    25,
    26,
    27,
    28,
    29,
    30,
    31,
    32,
    33,
    34,
    35,
    36,
    37,
    38,
    39,
    40
  ],
  "train_acc": [
    55.36959767341614,
    76.15062594413757,
    84.51882600784302,
    85.7740581035614,
    87.30822801589966,
    87.58716583251953,
    87.72664070129395,
    87.86610960960388,
    87.72664070129395,
    89.2608106136322,
    90.23709893226624,
    91.77126884460449,
    88.84239792823792,
    89.81868624687195,
    91.21338725090027,
    89.81868624687195,
    87.86610960960388,
    89.81868624687195,
    91.63179993629456,
    90.79498052597046,
    87.72664070129395,
    88.70292901992798,
    90.0976300239563,
    89.67921733856201,
    89.12134170532227,
    91.3528561592102,
    88.70292901992798,
    91.21338725090027,
    91.21338725090027,
    92.88703203201294,
    89.95816111564636,
    93.72385144233704,
    93.58437657356262,
    94.4212019443512,
    94.28172707557678,
    92.88703203201294,
    94.839608669281,
    91.77126884460449,
    95.39749026298523,
    94.14225816726685
  ],
  "val_acc": [
    39.66480493545532,
    41.89944267272949,
    43.57541799545288,
    40.78212380409241,
    40.78212380409241,
    60.33519506454468,
    72.06704020500183,
    62.56983280181885,
    67.03910827636719,
    84.91619825363159,
    82.6815664768219,
    86.59217953681946,
    83.2402229309082,
    88.26815485954285,
    93.29608678817749,
    90.50279259681702,
    84.91619825363159,
    92.17877388000488,
    92.17877388000488,
    92.17877388000488,
    92.73743033409119,
    92.73743033409119,
    90.50279259681702,
    93.85474920272827,
    96.08938694000244,
    91.6201114654541,
    95.53072452545166,
    96.08938694000244,
    96.08938694000244,
    97.20670580863953,
    96.64804339408875,
    95.53072452545166,
    96.08938694000244,
    95.53072452545166,
    95.53072452545166,
    95.53072452545166,
    96.08938694000244,
    95.53072452545166,
    96.08938694000244,
    97.20670580863953
  ],
  "train_loss": [
    1.44725501537323,
    0.8108363747596741,
    0.5642215013504028,
    0.4788544774055481,
    0.4189773499965668,
    0.40305906534194946,
    0.43283626437187195,
    0.35857442021369934,
    0.3857700526714325,
    0.4073255658149719,
    0.3409983813762665,
    0.2546981871128082,
    0.37488704919815063,
    0.2844431400299072,
    0.2743070721626282,
    0.35704943537712097,
    0.3941742777824402,
    0.3781951665878296,
    0.305355429649353,
    0.34002432227134705,
    0.38714510202407837,
    0.39067909121513367,
    0.31894972920417786,
    0.33961784839630127,
    0.43181318044662476,
    0.32988154888153076,
    0.31251612305641174,
    0.2637852728366852,
    0.25778451561927795,
    0.21744480729103088,
    0.23101866245269775,
    0.19477729499340057,
    0.2063206136226654,
    0.17442655563354492,
    0.17734168469905853,
    0.19456417858600616,
    0.16163362562656403,
    0.2016524374485016,
    0.1489405333995819,
    0.1793753206729889
  ],
  "val_loss": [
    1.4708616733551025,
    1.4181299209594727,
    1.399836540222168,
    1.3754127025604248,
    1.4091235399246216,
    0.910481870174408,
    0.7525567412376404,
    0.8080065846443176,
    0.7029319405555725,
    0.4913739264011383,
    0.5031608939170837,
    0.38153791427612305,
    0.42277824878692627,
    0.32988643646240234,
    0.26747098565101624,
    0.308378666639328,
    0.37913215160369873,
    0.24420225620269775,
    0.23341523110866547,
    0.24053925275802612,
    0.24735191464424133,
    0.2621951103210449,
    0.31238695979118347,
    0.20522551238536835,
    0.18431943655014038,
    0.21626494824886322,
    0.149107426404953,
    0.15684324502944946,
    0.14405414462089539,
    0.1263948529958725,
    0.12580154836177826,
    0.13121528923511505,
    0.12482821196317673,
    0.1278313845396042,
    0.14807358384132385,
    0.13006947934627533,
    0.12902028858661652,
    0.11982513964176178,
    0.13308759033679962,
    0.12301279604434967
  ],
  "chart_unfrozen_accuracy": [
    0.8870292901992798,
    0.9121338725090027,
    0.9121338725090027,
    0.9288703203201294,
    0.8995816111564636,
    0.9372385144233704,
    0.9358437657356262,
    0.944212019443512,
    0.9428172707557678,
    0.9288703203201294,
    0.9483960866928101,
    0.9177126884460449,
    0.9539749026298523,
    0.9414225816726685
  ],
  "chart_unfrozen_val_accuracy": [
    0.9553072452545166,
    0.9608938694000244,
    0.9608938694000244,
    0.9720670580863953,
    0.9664804339408875,
    0.9553072452545166,
    0.9608938694000244,
    0.9553072452545166,
    0.9553072452545166,
    0.9553072452545166,
    0.9608938694000244,
    0.9553072452545166,
    0.9608938694000244,
    0.9720670580863953
  ],
  "chart_unfrozen_loss": [
    0.31251612305641174,
    0.2637852728366852,
    0.25778451561927795,
    0.21744480729103088,
    0.23101866245269775,
    0.19477729499340057,
    0.2063206136226654,
    0.17442655563354492,
    0.17734168469905853,
    0.19456417858600616,
    0.16163362562656403,
    0.2016524374485016,
    0.1489405333995819,
    0.1793753206729889
  ],
  "chart_unfrozen_val_loss": [
    0.149107426404953,
    0.15684324502944946,
    0.14405414462089539,
    0.1263948529958725,
    0.12580154836177826,
    0.13121528923511505,
    0.12482821196317673,
    0.1278313845396042,
    0.14807358384132385,
    0.13006947934627533,
    0.12902028858661652,
    0.11982513964176178,
    0.13308759033679962,
    0.12301279604434967
  ],
  "chart_frozen_accuracy": [
    0.5536959767341614,
    0.7615062594413757,
    0.8451882600784302,
    0.857740581035614,
    0.8730822801589966,
    0.8758716583251953,
    0.8772664070129395,
    0.8786610960960388,
    0.8772664070129395,
    0.892608106136322,
    0.9023709893226624,
    0.9177126884460449,
    0.8884239792823792,
    0.8981868624687195,
    0.9121338725090027,
    0.8981868624687195,
    0.8786610960960388,
    0.8981868624687195,
    0.9163179993629456,
    0.9079498052597046,
    0.8772664070129395,
    0.8870292901992798,
    0.900976300239563,
    0.8967921733856201,
    0.8912134170532227,
    0.913528561592102
  ],
  "chart_frozen_val_accuracy": [
    0.3966480493545532,
    0.4189944267272949,
    0.4357541799545288,
    0.4078212380409241,
    0.4078212380409241,
    0.6033519506454468,
    0.7206704020500183,
    0.6256983280181885,
    0.6703910827636719,
    0.8491619825363159,
    0.826815664768219,
    0.8659217953681946,
    0.832402229309082,
    0.8826815485954285,
    0.9329608678817749,
    0.9050279259681702,
    0.8491619825363159,
    0.9217877388000488,
    0.9217877388000488,
    0.9217877388000488,
    0.9273743033409119,
    0.9273743033409119,
    0.9050279259681702,
    0.9385474920272827,
    0.9608938694000244,
    0.916201114654541
  ],
  "chart_frozen_loss": [
    1.44725501537323,
    0.8108363747596741,
    0.5642215013504028,
    0.4788544774055481,
    0.4189773499965668,
    0.40305906534194946,
    0.43283626437187195,
    0.35857442021369934,
    0.3857700526714325,
    0.4073255658149719,
    0.3409983813762665,
    0.2546981871128082,
    0.37488704919815063,
    0.2844431400299072,
    0.2743070721626282,
    0.35704943537712097,
    0.3941742777824402,
    0.3781951665878296,
    0.305355429649353,
    0.34002432227134705,
    0.38714510202407837,
    0.39067909121513367,
    0.31894972920417786,
    0.33961784839630127,
    0.43181318044662476,
    0.32988154888153076
  ],