{
  "epochs": [
    1,
    2,
    3,
    4,
    5,
    6,
    7,
    8,
    9,
    10,
    11,
    12,
    13,
    14,
    15,
    16,
    17,
    18,
    19,
    20,
    21,
    22,
    23,
    24,
    25,
    26,
    27,
    28,
    29,
    30,
    31,
    32,
    33,
    34,
    35,
    36,
    37,
    38,
    39,
    40,
    41,
    42,
    43,
    44,
    45,
    46,
    47,
    48,
    49,
    50,
    51,
    52,
    53,
    54,
    55,
    56,
    57,
    58,
    59,
    60
  ],
  "train_acc": [
    75.08981823921204,
    83.59281420707703,
    85.68862080574036,
    86.04790568351746,
    88.3832335472107,
    87.06586956977844,
    89.22155499458313,
    88.32335472106934,
    88.02395462989807,
    88.32335472106934,
    89.52096104621887,
    89.10179734230042,
    88.3832335472107,
    89.52096104621887,
    89.8802399635315,
    89.40119743347168,
    89.64071869850159,
    90.83832502365112,
    91.3772463798523,
    89.99999761581421,
    90.77844023704529,
    90.17964005470276,
    88.92215490341187,
    90.23951888084412,
    89.46107625961304,
    90.17964005470276,
    89.94011878967285,
    89.64071869850159,
    90.95808267593384,
    90.95808267593384,
    90.17964005470276,
    90.41916131973267,
    90.41916131973267,
    91.67664647102356,
    91.0179615020752,
    91.6167676448822,
    91.31736755371094,
    88.44311237335205,
    90.17964005470276,
    91.2574827671051,
    91.0179615020752,
    92.93413162231445,
    91.91616773605347,
    93.05388927459717,
    93.17365288734436,
    92.57485270500183,
    92.15568900108337,
    92.27544665336609,
    92.57485270500183,
    93.113774061203,
    93.77245306968689,
    93.05388927459717,
    94.6107804775238,
    93.89221668243408,
    93.95209550857544,
    93.65269541740417,
    93.35329532623291,
    92.514967918396,
    93.17365288734436,
    93.47305297851562
  ],
  "val_acc": [
    69.06474828720093,
    70.26379108428955,
    69.54436302185059,
    73.14148545265198,
    85.61151027679443,
    85.61151027679443,
    84.41246747970581,
    89.68824744224548,
    86.33093237876892,
    89.20863270759583,
    94.72422003746033,
    92.56594777107239,
    94.4844126701355,
    92.32614040374756,
    93.28536987304688,
    95.92326283454895,
    95.68345546722412,
    95.92326283454895,
    96.40287756919861,
    94.72422003746033,
    96.40287756919861,
    95.20383477210999,
    96.64268493652344,
    94.00479793548584,
    95.68345546722412,
    94.72422003746033,
    95.68345546722412,
    94.4844126701355,
    94.72422003746033,
    93.5251772403717,
    95.20383477210999,
    95.68345546722412,
    96.16307020187378,
    94.72422003746033,
    96.16307020187378,
    96.88249230384827,
    96.64268493652344,
    96.40287756919861,
    95.20383477210999,
    96.40287756919861,
    95.44364213943481,
    96.16307020187378,
    96.16307020187378,
    97.1222996711731,
    97.1222996711731,
    96.40287756919861,
    96.88249230384827,
    97.3621129989624,
    97.60192036628723,
    96.88249230384827,
    96.64268493652344,
    97.1222996711731,
    97.3621129989624,
    97.3621129989624,
    96.64268493652344,
    96.64268493652344,
    96.88249230384827,
    95.92326283454895,
    97.60192036628723,
    97.84172773361206
  ],
  "train_loss": [
    0.960152804851532,
    0.6145129799842834,
    0.539233922958374,
    0.5372129082679749,
    0.5220044851303101,
    0.4815162122249603,
    0.4487275779247284,
    0.5039936900138855,
    0.5272348523139954,
    0.4542474150657654,
    0.4088990092277527,
    0.410476952791214,
    0.5020343065261841,
    0.44917917251586914,
    0.43870842456817627,
    0.4714271128177643,
    0.44310033321380615,
    0.340948224067688,
    0.3567843437194824,
    0.4192674458026886,
    0.3738638460636139,
    0.4428715407848358,
    0.43205732107162476,
    0.4106919765472412,
    0.47956258058547974,
    0.42258480191230774,
    0.4552287757396698,
    0.4604661762714386,
    0.43195995688438416,
    0.4166589379310608,
    0.3872459828853607,
    0.389053076505661,
    0.39893123507499695,
    0.35027965903282166,
    0.3967137932777405,
    0.3853926658630371,
    0.37407150864601135,
    0.4504929184913635,
    0.4285720884799957,
    0.3773123621940613,
    0.35756295919418335,
    0.29224124550819397,
    0.28428223729133606,
    0.2911525070667267,
    0.26733145117759705,
    0.24952027201652527,
    0.2791377604007721,
    0.2751339077949524,
    0.30379271507263184,
    0.23454394936561584,
    0.2257757931947708,
    0.23620004951953888,
    0.17927412688732147,
    0.22208556532859802,
    0.20967859029769897,
    0.23527581989765167,
    0.23027727007865906,
    0.2438276708126068,
    0.23292437195777893,
    0.20060235261917114
  ],
  "val_loss": [
    1.2478159666061401,
    1.039154291152954,
    1.1899081468582153,
    0.8714213967323303,
    0.41968834400177,
    0.4081591069698334,
    0.4868173897266388,
    0.25732317566871643,
    0.41926610469818115,
    0.3113948106765747,
    0.14275981485843658,
    0.16140387952327728,
    0.12665392458438873,
    0.18542489409446716,
    0.22824563086032867,
    0.1640823483467102,
    0.11827825754880905,
    0.11465755105018616,
    0.09578810632228851,
    0.15498214960098267,
    0.0961051881313324,
    0.1508503407239914,
    0.09287658333778381,
    0.1489415168762207,
    0.12070015072822571,
    0.18702355027198792,
    0.16238999366760254,
    0.16869698464870453,
    0.22685794532299042,
    0.21243375539779663,
    0.15444858372211456,
    0.13035404682159424,
    0.1340051144361496,
    0.17377953231334686,
    0.09906242042779922,
    0.08978057652711868,
    0.11416243016719818,
    0.10697933286428452,
    0.1304335594177246,
    0.1276058405637741,
    0.11342066526412964,
    0.10604625195264816,
    0.0883408859372139,
    0.08929451555013657,
    0.08873699605464935,
    0.07985158264636993,
    0.09120006859302521,
    0.08706557750701904,
    0.07924684137105942,
    0.09304817020893097,
    0.08356990665197372,
    0.07858492434024811,
    0.06955613940954208,
    0.07458554953336716,
    0.06908504664897919,
    0.07721494138240814,
    0.07642877846956253,
    0.08610551059246063,
    0.06381501257419586,
    0.06911271810531616
  ],
  "chart_unfrozen_accuracy": [
    0.910179615020752,
    0.9293413162231445,
    0.9191616773605347,
    0.9305388927459717,
    0.9317365288734436,
    0.9257485270500183,
    0.9215568900108337,
    0.9227544665336609,
    0.9257485270500183,
    0.93113774061203,
    0.9377245306968689,
    0.9305388927459717,
    0.946107804775238,
    0.9389221668243408,
    0.9395209550857544,
    0.9365269541740417,
    0.9335329532623291,
    0.92514967918396,
    0.9317365288734436,
    0.9347305297851562
  ],
  "chart_unfrozen_val_accuracy": [
    0.9544364213943481,
    0.9616307020187378,
    0.9616307020187378,
    0.971222996711731,
    0.971222996711731,
    0.9640287756919861,
    0.9688249230384827,
    0.973621129989624,
    0.9760192036628723,
    0.9688249230384827,
    0.9664268493652344,
    0.971222996711731,
    0.973621129989624,
    0.973621129989624,
    0.9664268493652344,
    0.9664268493652344,
    0.9688249230384827,
    0.9592326283454895,
    0.9760192036628723,
    0.9784172773361206
  ],
  "chart_unfrozen_loss": [
    0.35756295919418335,
    0.29224124550819397,
    0.28428223729133606,
    0.2911525070667267,
    0.26733145117759705,
    0.24952027201652527,
    0.2791377604007721,
    0.2751339077949524,
    0.30379271507263184,
    0.23454394936561584,
    0.2257757931947708,
    0.23620004951953888,
    0.17927412688732147,
    0.22208556532859802,
    0.20967859029769897,
    0.23527581989765167,
    0.23027727007865906,
    0.2438276708126068,
    0.23292437195777893,
    0.20060235261917114
  ],